{
  "calibration_aggregate_sha256": "22dfc5bdab9e1d72d55a986db8d864f74a8627e3f6b2a0e9034624f5a3e9f4a2",
  "confirmation_task_manifest_sha256": "8e5911145c6159778ef5e01587e3a8b65ef1e76f032bf8e8bcf1419fd3834d2e",
  "domain": "gymnasium_frozenlake",
  "fit_aggregate_sha256": "43c8e5a71db5cc21dd301d8841201dc37327ea9d94ece8d28eacbad2e28a1400",
  "proposal_count": 4,
  "router": {
    "calibration": {
      "alpha": 0.1,
      "calibration_residuals": [
        0.0,
        0.0,
        12.917912234223158,
        47.33725181583415,
        0.0,
        0.0,
        31.74442143651008,
        22.652563670841886
      ],
      "calibration_support_radii": [
        0.5220153254455274,
        0.5220153254455275,
        0.5220153254455274,
        0.5220153254455275,
        0.5220153254455274,
        0.5220153254455275,
        0.5220153254455274,
        0.5220153254455275
      ],
      "candidate_library": [
        "hazard_averse_value_iteration",
        "short_path_value_iteration"
      ],
      "candidate_policies": [
        "hazard_averse_value_iteration"
      ],
      "conformal_correction": 47.33725181583415,
      "fit_mean_advantages": [
        [
          "hazard_averse_value_iteration",
          12.730916666666666
        ],
        [
          "short_path_value_iteration",
          -9.960333333333335
        ]
      ],
      "n_calibration_tasks": 8,
      "support_radius_limit": 0.5220153254455275
    },
    "guarantee_scope": "If calibration tasks and a future task are exchangeable, the fixed fit predictor and maximum-over-policy residual give marginal simultaneous one-sided coverage at 1-alpha.",
    "params": {
      "alpha": 0.1,
      "fallback_policy": "nominal_value_iteration",
      "k": 5,
      "margin": 0.0,
      "max_screened_candidates": 1,
      "min_calibration_tasks": 5,
      "min_fit_evidence": 3,
      "screen_min_mean_advantage": 0.0,
      "temperature": 0.75
    }
  },
  "status": "proposals_frozen_from_development_and_calibration"
}
