{
  "calibration_aggregate_sha256": "99d75774321503200d872822630cc977e5ec8b6bb65c2780e4776d909213bc70",
  "confirmation_task_manifest_sha256": "98aa49ada787e625ba5bca9a43662b7d649bd50609fe369486a5aeeb0cf3bbf6",
  "domain": "or_gym_online_knapsack",
  "fit_aggregate_sha256": "a7cbca2c74b869085e7d96f2404ebb18aacb1d1920d6c45c27de6274390783e1",
  "proposal_count": 12,
  "router": {
    "calibration": {
      "alpha": 0.1,
      "calibration_residuals": [
        -52.39943805935966,
        -12.531060165685346,
        15.852840722483734,
        146.09330770041927,
        -31.847959240178966,
        -37.897789579431134
      ],
      "calibration_support_radii": [
        1.4318791072495534,
        1.4318791072495534,
        1.4318791072495534,
        1.4318791072495534,
        1.4318791072495534,
        1.4318791072495534
      ],
      "candidate_library": [
        "dynamic_reserve",
        "ratio_threshold_2_0"
      ],
      "candidate_policies": [
        "dynamic_reserve"
      ],
      "conformal_correction": 146.09330770041927,
      "fit_mean_advantages": [
        [
          "dynamic_reserve",
          97.81270833333332
        ],
        [
          "ratio_threshold_2_0",
          73.98379166666666
        ]
      ],
      "n_calibration_tasks": 6,
      "support_radius_limit": 1.4318791072495534
    },
    "guarantee_scope": "If calibration tasks and a future task are exchangeable, the fixed fit predictor and maximum-over-policy residual give marginal simultaneous one-sided coverage at 1-alpha.",
    "params": {
      "alpha": 0.1,
      "fallback_policy": "ratio_threshold_1_25",
      "k": 5,
      "margin": 0.0,
      "max_screened_candidates": 1,
      "min_calibration_tasks": 5,
      "min_fit_evidence": 3,
      "screen_min_mean_advantage": 0.0,
      "temperature": 0.75
    }
  },
  "status": "proposals_frozen_from_development_and_calibration"
}
