{
  "calibration_aggregate_sha256": "043526be7cc920252791bf24f70fda151888a99b7c0b6d386787493b285d4f3b",
  "confirmation_task_manifest_sha256": "8a9b5bdd44a872ba9d3663b380727b9efbc651b30f35c70a3d6b6b7c5118f81d",
  "domain": "safety_gymnasium_point_goal",
  "fit_aggregate_sha256": "eeb9fc606a4536099ea1eff35ae04163e10542607693ec104f0951578bd7b3a2",
  "proposal_count": 7,
  "router": {
    "calibration": {
      "alpha": 0.1,
      "calibration_residuals": [
        8.879930812853347,
        45.747279878062976,
        35.77036459511629,
        148.06030675221095,
        42.37703861452627,
        -169.0266303167497
      ],
      "calibration_support_radii": [
        0.963212218453326,
        1.0055402085998906,
        0.963212218453326,
        1.0055402085998906,
        1.0619688214715994,
        1.1005049346146119
      ],
      "candidate_library": [
        "hazard_aware_moderate",
        "hazard_aware_strict"
      ],
      "candidate_policies": [
        "hazard_aware_strict"
      ],
      "conformal_correction": 148.06030675221095,
      "fit_mean_advantages": [
        [
          "hazard_aware_moderate",
          74.75132394694637
        ],
        [
          "hazard_aware_strict",
          102.436445976521
        ]
      ],
      "n_calibration_tasks": 6,
      "support_radius_limit": 1.1005049346146119
    },
    "guarantee_scope": "If calibration tasks and a future task are exchangeable, the fixed fit predictor and maximum-over-policy residual give marginal simultaneous one-sided coverage at 1-alpha.",
    "params": {
      "alpha": 0.1,
      "fallback_policy": "goal_greedy",
      "k": 5,
      "margin": 0.0,
      "max_screened_candidates": 1,
      "min_calibration_tasks": 5,
      "min_fit_evidence": 3,
      "screen_min_mean_advantage": 0.0,
      "temperature": 0.75
    }
  },
  "status": "proposals_frozen_from_development_and_calibration"
}
